<?xml version='1.0' encoding='UTF-8' ?>
<schemas xmlns='http://xml.netbeans.org/schema/JAXBWizConfig' destdir='build/generated-sources/jaxb' projectName='JavaApplicationXsd' version='1.0'>
	<schema type='-xmlschema' package='test' name='test-bind'>
		<xjc-options>
			<xjc-option name='-extension' value='true'/>
		</xjc-options>
		<schema-sources>
			<schema-source location='xml-resources/jaxb/test-bind/test.xsd' origLocation='src/javaapplicationxsd/test.xsd'/>
		</schema-sources>
		<bindings>
		</bindings>
		<catalog/>
	</schema>
</schemas>
